ref_no,inci_name,inn_name,ph_eur_name,cas,ec,description,restriction,function,update_date,main_category,matter_type,size_category,name_length,num_functions,num_sources,is_grouped
92787,"1-(3,4-DIMETHOXYPHENYL)-4,4-DIMETHYL-1,3-PENTANEDIONE",,,,,,,"STABILISING, UV FILTER",03/07/2015,Filtre UV,Molécule chimique,Longue (51-100),53,2,1,Non
31514,3-BENZYLIDENE CAMPHOR,,,15087-24-8,239-139-9,"1,7,7-trimethyl-3-(phenylmethylene)bicyclo[2.2.1]heptan-2-one",VI/19,"UV ABSORBER, UV FILTER",24/02/2014,Filtre UV,Molécule chimique,Courte (16-25),21,2,1,Non
31529,4-METHYLBENZYLIDENE CAMPHOR,enzacamene,,36861-47-9/38102-62-4,253-242-6/,"(.+-.)-1,7,7-trimethyl-3-[(4-methylphenyl)methylene]bicyclo[2.2.1]heptan-2-one",VI/18,"UV ABSORBER, UV FILTER",15/10/2010,Filtre UV,Molécule chimique,Moyenne (26-50),27,2,1,Non
92788,4-PROPOXY-2-HYDROXYBENZOPHENONE,,,,,,,"STABILISING, UV FILTER",03/07/2015,Filtre UV,Molécule chimique,Moyenne (26-50),31,2,1,Non
93496,7-DEHYDROCHOLESTERYL PALMITATE,,,,,7-Dehydrocholesteryl Palmitate is the product obtained by the reaction of 7-Dehydrocholesterol and Palmitic Acid,,"SKIN PROTECTING, UV FILTER",10/08/2015,Filtre UV,Molécule chimique,Moyenne (26-50),30,2,1,Non
74149,ACETAMINOSALOL,Acetaminosalol,,118-57-0,204-261-3,"4'-Hydroxyacetanilide salicylate; Benzoic acid, 2-hydroxy-, 4-(acetylamino)phenyl ester",,"ANTIMICROBIAL, UV ABSORBER",15/10/2010,Filtre UV,Molécule chimique,Très courte (≤15),14,2,1,Non
74189,ALLANTOIN PABA,,,4207-42-5,,"Urea, (2,5-dioxo-4-imidazolydinyl)-, compound with 4-aminobenzoic acid (1:1)",,"SKIN CONDITIONING, UV ABSORBER",15/10/2010,Filtre UV,Molécule chimique,Très courte (≤15),14,2,1,Non
32131,BENZALPHTHALIDE,,,575-61-1,209-388-8,3-Benzylidenephthalide,,UV ABSORBER,15/10/2010,Filtre UV,Molécule chimique,Très courte (≤15),15,1,1,Non
74467,BENZOPHENONE,,,119-61-9,204-337-6,Benzophenone,,"MASKING, UV ABSORBER",15/10/2010,Filtre UV,Molécule chimique,Très courte (≤15),12,2,1,Non
32137,BENZOPHENONE-1,,,131-56-6,205-029-4,"2,4-Dihydroxybenzophenone",,UV ABSORBER,15/10/2010,Filtre UV,Molécule chimique,Très courte (≤15),14,1,1,Non
74469,BENZOPHENONE-10,mexenone,,1641-17-4,216-688-2,2-Hydroxy-4-methoxy-4'-methylbenzophenone,,UV ABSORBER,15/10/2010,Filtre UV,Molécule chimique,Très courte (≤15),15,1,1,Non
32139,BENZOPHENONE-11,,,1341-54-4,,"Bis(2,4-dihydroxyphenyl)methanone and bis(2-hydroxy-4-methoxyphenyl)methanone",,UV ABSORBER,15/10/2010,Filtre UV,Molécule chimique,Très courte (≤15),15,1,1,Non
32140,BENZOPHENONE-12,octabenzone,,1843-05-6,217-421-2,2-Hydroxy-4-octyloxybenzophenone,,UV ABSORBER,15/10/2010,Filtre UV,Molécule chimique,Très courte (≤15),15,1,1,Non
74472,BENZOPHENONE-2,,,131-55-5,205-028-9,"2,2',4,4'-Tetrahydroxybenzophenone",,"MASKING, UV ABSORBER",15/10/2010,Filtre UV,Molécule chimique,Très courte (≤15),14,2,1,Non
32142,BENZOPHENONE-3,oxybenzone,,131-57-7,205-031-5,2-Hydroxy-4-methoxybenzophenone,VI/4,"UV ABSORBER, UV FILTER",15/10/2010,Filtre UV,Molécule chimique,Très courte (≤15),14,2,1,Non
32143,BENZOPHENONE-4,sulisobenzone,,4065-45-6,223-772-2,5-Benzoyl-4-hydroxy-2-methoxybenzenesulfonic acid,VI/22,"UV ABSORBER, UV FILTER",15/10/2010,Filtre UV,Molécule chimique,Très courte (≤15),14,2,1,Non
32144,BENZOPHENONE-5,sulisobenzone sodium,,6628-37-1,*613-918-7,"Benzenesulfonic acid, 5-benzoyl-4-hydroxy-2-methoxy-, monosodium salt",VI/22,"UV ABSORBER, UV FILTER",31/01/2011,Filtre UV,Molécule chimique,Très courte (≤15),14,2,1,Non
74476,BENZOPHENONE-6,,,131-54-4,205-027-3,"2,2'-Dihydroxy-4,4'-dimethoxybenzophenone",,"MASKING, UV ABSORBER",15/10/2010,Filtre UV,Molécule chimique,Très courte (≤15),14,2,1,Non
32146,BENZOPHENONE-7,,,85-19-8,201-592-5,5-Chloro-2-hydroxybenzophenone,,UV ABSORBER,15/10/2010,Filtre UV,Molécule chimique,Très courte (≤15),14,1,1,Non
32147,BENZOPHENONE-8,dioxybenzone,,131-53-3,205-026-8,"2,2'-Dihydroxy-4-methoxybenzophenone",,UV ABSORBER,15/10/2010,Filtre UV,Molécule chimique,Très courte (≤15),14,1,1,Non
32148,BENZOPHENONE-9,,,76656-36-5,278-520-4,"Disodium 3,3'-carbonylbis[4-hydroxy-6-methoxybenzenesulphonate]",,UV ABSORBER,15/10/2010,Filtre UV,Molécule chimique,Très courte (≤15),14,1,1,Non
54653,BENZOTRIAZOLYL DODECYL P-CRESOL,,,125304-04-3,,"Phenol, 2-(2H-Benzotriazol-2-yl)-6-Dodecyl-4-Methyl-, Branched and Linear",,UV ABSORBER,15/10/2010,Filtre UV,Molécule chimique,Moyenne (26-50),31,1,1,Non
32162,BENZYLIDENE CAMPHOR SULFONIC ACID,,,56039-58-8,,alpha-(2-Oxoborn-3-ylidene)toluene-4 sulphonic acid,VI/9,"UV ABSORBER, UV FILTER",15/10/2010,Filtre UV,Acide,Moyenne (26-50),33,2,1,Non
74495,BENZYLIDENECAMPHOR HYDROLYZED COLLAGEN SULFONAMIDE,,,222400-12-6,,"Collagens, hydrolyzates, [[4-[(4,7,7-trimethyl-3-oxobicyclo-[2.2.1]-hept-2-ylidene)methyl]phenyl]sulphonyl]",,"HAIR CONDITIONING, SKIN PROTECTING, UV ABSORBER",15/10/2010,Filtre UV,Molécule chimique,Moyenne (26-50),50,3,1,Non
85330,BIS(BUTYLBENZOATE) DIAMINOTRIAZINE AMINOPROPYLTRISILOXANE,,,,,,,UV ABSORBER,15/10/2010,Filtre UV,Molécule chimique,Longue (51-100),57,1,1,Non
74502,BIS-ETHYLHEXYLOXYPHENOL METHOXYPHENYL TRIAZINE,Bemotrizinol,,187393-00-6,,"2,2'-[6-(4-Methoxyphenyl)-1,3,5-triazine-2,4-diyl]bis[5-[(2-ethylhexyl)oxy]-phenol]",VI/25,"SKIN CONDITIONING, UV ABSORBER, UV FILTER",15/10/2010,Filtre UV,Molécule chimique,Moyenne (26-50),46,3,1,Non
91469,BIS-PABA PORPHYRA 334,,,,,Bis-PABA Porphyra 334 is the synthetic peptide derivative produced by the reaction of PABA and Porphyra 334.,,"ANTIOXIDANT, STABILISING, UV FILTER",30/07/2014,Filtre UV,Molécule chimique,Courte (16-25),21,3,1,Non
91468,BIS-SH-DECAPEPTIDE-9 PORPHYRA 334,,,,,Bis-sh-Decapeptide-9 Porphyra 334 is the synthetic peptide produced by the reaction of sh-Decapeptide-9 and Porphyra 334.,,"ANTIOXIDANT, STABILISING, UV FILTER",30/07/2014,Filtre UV,Peptide,Moyenne (26-50),33,3,1,Non
91467,BIS-SH-PENTAPEPTIDE-38 PORPHYRA 334,,,,,Bis-sh-Pentapeptide-38 Porphyra 334 is the synthetic peptide produced by the reaction of sh-Pentapeptide-38 and Porphyra 334.,,"ANTIOXIDANT, STABILISING, UV FILTER",30/07/2014,Filtre UV,Peptide,Moyenne (26-50),35,3,1,Non
91466,BIS-SH-PENTAPEPTIDE-5 PORPHYRA 334,,,,,Bis-sh-Pentapeptide-5 Porphyra 334 is the synthetic peptide produced by the reaction of sh-Pentapeptide-5 and Porphyra 334.,,"ANTIOXIDANT, STABILISING, UV FILTER",30/07/2014,Filtre UV,Peptide,Moyenne (26-50),34,3,1,Non
32209,BORNELONE,bornelone,,2226-11-1,218-757-2,"3-Penten-2-one, 5-(3,3-dimethylbicyclo[2.2.1]hept-2-ylidene)-",,UV ABSORBER,15/10/2010,Filtre UV,Molécule chimique,Très courte (≤15),9,1,1,Non
31690,BUMETRIZOLE,bumetrizole,,3896-11-5,223-445-4,"Phenol, 2-(5-chloro-2H-benzotriazol-2-yl)-6-(1,1-dimethylethyl)-4-methyl-",,UV ABSORBER,15/10/2010,Filtre UV,Molécule chimique,Très courte (≤15),11,1,1,Non
31713,BUTYL METHOXYDIBENZOYLMETHANE,avobenzone,,70356-09-1,274-581-6,"1-[4-(1,1-Dimethylethyl)phenyl]-3-(4-methoxyphenyl)propane-1,3-dione",VI/8,"UV ABSORBER, UV FILTER",15/10/2010,Filtre UV,Molécule chimique,Moyenne (26-50),29,2,1,Non
90898,CAFFEOYL HEXAPEPTIDE-50,,,,,Caffeoyl Hexapeptide-50 is the product obtained by the reaction of Caffeic Acid and Hexapeptide-50.,,"ANTIOXIDANT, CHELATING, SKIN PROTECTING, UV FILTER",30/04/2013,Filtre UV,Peptide,Courte (16-25),23,4,1,Non
88672,CAFFEOYL PENTAPEPTIDE-27,,,,,Caffeoyl Pentapeptide-27 is the product obtained by the reaction of Caffeic Acid and Pentapeptide-27.,,"ANTIOXIDANT, CHELATING, SKIN PROTECTING, UV ABSORBER",04/06/2014,Filtre UV,Peptide,Courte (16-25),24,4,1,Non
90897,CAFFEOYL TETRAPEPTIDE-19 CAFFEAMIDE,,,,,Caffeoyl Tetrapeptide-19 Caffeamide is the derivative of Tetrapeptide-19 in which the N-terminus and the lysine residue are modified by Caffeic Acid.,,"ANTIOXIDANT, CHELATING, SKIN PROTECTING, UV FILTER",02/05/2013,Filtre UV,Peptide,Moyenne (26-50),35,4,1,Non
90896,CAFFEOYL TRIPEPTIDE-35,,,,,Caffeoyl Tripeptide-35 is the product obtained by the reaction of Caffeic Acid and Tripeptide-35.,,"ANTIOXIDANT, CHELATING, SKIN PROTECTING, UV FILTER",17/06/2013,Filtre UV,Peptide,Courte (16-25),22,4,1,Non
55177,CALCIUM CERIUM OXIDE,,,,,Calcium Cerium Oxide is calcium oxide doped cerium oxide,,UV ABSORBER,15/10/2010,Filtre UV,Molécule chimique,Courte (16-25),20,1,1,Non
55202,CALOPHYLLUM INOPHYLLUM SEED OIL,,,,,"Calophyllum Inophyllum Seed oil is the fixed oil expressed from the seeds of Calophyllum inophyllum, Hypericaceae",,"ANTIMICROBIAL, ANTIOXIDANT, HAIR CONDITIONING, ORAL CARE, SKIN CONDITIONING, UV ABSORBER",15/10/2010,Filtre UV,Huile,Moyenne (26-50),31,6,1,Non
55220,CAMELLIA SINENSIS LEAF EXTRACT,,,84650-60-2,283-519-7,"Camellia Sinensis Leaf Extract is an extract of the leaves of the Tea, Camellia sinensis, Theaceae",,"ANTIMICROBIAL, ANTIOXIDANT, ASTRINGENT, EMOLLIENT, HUMECTANT, MASKING, ORAL CARE, SKIN CONDITIONING, SKIN PROTECTING, TONIC, UV ABSORBER",15/10/2010,Filtre UV,Extrait,Moyenne (26-50),30,11,1,Non
32378,CAMPHOR BENZALKONIUM METHOSULFATE,,,52793-97-2,258-190-8,"Methyl N,N,N-trimethyl-4-[(4,7,7-trimethyl-3-oxobicyclo[2.2.1]hept-2-ylidene)methyl]anilinium sulphate",VI/2,"ANTIMICROBIAL, ANTISTATIC, UV ABSORBER, UV FILTER",15/10/2010,Filtre UV,Molécule chimique,Moyenne (26-50),33,4,1,Non
55089,CAROTENOIDS,,,,,Carotenoids are a group of related compounds including alpha-beta and gamma carotene and lycopene,,"ANTIOXIDANT, SKIN PROTECTING, UV ABSORBER",15/10/2010,Filtre UV,Molécule chimique,Très courte (≤15),11,3,1,Non
32506,CERIA/SILICA,,,243133-71-3,,"Carbonic acid, cerium (3+) salt, calcination products with silica",,UV ABSORBER,15/10/2010,Filtre UV,Molécule chimique,Très courte (≤15),12,1,2,Oui
32507,CERIA/SILICA TALC,,,243133-70-2,,"Carbonic acid, cerium (3+) salt, calcination products with silica and talc (Mg3Al2(SiO3)4)",,UV ABSORBER,15/10/2010,Filtre UV,Molécule chimique,Courte (16-25),17,1,2,Oui
32854,CINOXATE,cinoxate,,104-28-9,203-191-0,"2-Propenoic acid, 3-(4-methoxyphenyl)-, 2-ethoxyethyl ester",,UV ABSORBER,15/10/2010,Filtre UV,Molécule chimique,Très courte (≤15),8,1,1,Non
55398,COBALT DNA,,,,,Cobalt DNA is the cobalt salt of DNA (q.v.),,"ANTIOXIDANT, HUMECTANT, SKIN CONDITIONING, SKIN PROTECTING, UV ABSORBER, VISCOSITY CONTROLLING",15/10/2010,Filtre UV,Molécule chimique,Très courte (≤15),10,6,1,Non
87127,DESCHAMPSIA ANTARCTICA LEAF EXTRACT,,,,,"Deschampsia Antarctica Leaf Extract is the extract of the leaves of Deschampsia antarctica, Poaceae",,"ANTIOXIDANT, UV ABSORBER",15/10/2010,Filtre UV,Extrait,Moyenne (26-50),35,2,1,Non
55916,DI-METHOXYCINNAMIDOPROPYL ETHYLDIMONIUM CHLORIDE ETHER,,,,,"Oxybis(N-(3-(4-methoxybenzene-2-propenamido)propyl)-N,N-dimethylammonioethane) dichloride",,"HAIR CONDITIONING, UV ABSORBER",15/10/2010,Filtre UV,Molécule chimique,Longue (51-100),54,2,1,Non
75969,DI-T-BUTYL HYDROXYBENZYLIDENE CAMPHOR,,,123013-10-5,,"Bicyclo[2.2.1]heptan-2-one, 1,7,7-trimethyl-3-[(4-hydroxy-3,5-bis(1,1-dimethylethyl)phenyl)methylene]-",,UV ABSORBER,15/10/2010,Filtre UV,Molécule chimique,Moyenne (26-50),37,1,1,Non
55814,DIACETYLCURCUMIN,,,19697-86-0,,"1,6-Heptadiene-3,5-dione, 1,7-bis-[4-(acetyloxy)-3-methoxyphenyl]-",,"ANTIOXIDANT, BLEACHING, SKIN CONDITIONING, SKIN PROTECTING, UV ABSORBER",15/10/2010,Filtre UV,Molécule chimique,Courte (16-25),16,5,1,Non
38990,DIETHYLAMINO HYDROXYBENZOYL HEXYL BENZOATE,,,302776-68-7,443-860-6,"Benzoic Acid, 2-[4-(Diethylamino)-2-Hydroxybenzoyl]-, Hexyl Ester",VI/28,UV FILTER,15/10/2010,Filtre UV,Molécule chimique,Moyenne (26-50),42,1,1,Non
55845,"DIETHYLHEXYL 2,6-NAPHTHALATE",,,,,"Dioctyl 2,6-Naphthalate",,"EMOLLIENT, SKIN CONDITIONING, SOLVENT, UV ABSORBER",15/10/2010,Filtre UV,Molécule chimique,Moyenne (26-50),28,4,1,Non
33301,DIETHYLHEXYL BUTAMIDO TRIAZONE,Iscotrizinol (USAN),,154702-15-5,,"Benzoic acid, 4,4'-[[6-[[4-[[(1,1-dimethylethyl)amino]carbonyl]phenyl]amino]-1,3,5-triazine-2,4-diyl]diimino]bis-, -bis(2-ethylhexyl)ester",VI/17,"UV ABSORBER, UV FILTER",31/01/2011,Filtre UV,Molécule chimique,Moyenne (26-50),30,2,1,Non
75726,DIGALLOYL TRIOLEATE,,,17048-39-4/27436-80-2,,"Benzoic acid, 3,4-dihydroxy-5-[[3,4,5-tris[(1-oxo-9-octadecenyl)oxy]benzoyl]oxy]-, (Z,Z,Z)-",,"ANTIOXIDANT, UV ABSORBER",15/10/2010,Filtre UV,Molécule chimique,Courte (16-25),19,2,1,Non
55808,DIISOPROPYL ETHYL CINNAMATE,,,,,"Ethyl 2,4-di-(1-methylethyl)benzene-2-propenoate",,UV ABSORBER,15/10/2010,Filtre UV,Molécule chimique,Moyenne (26-50),27,1,1,Non
33376,DIISOPROPYL METHYL CINNAMATE,,,32580-71-5,,"2-Propenoic acid, 3-[2,4-bis(1-methylethyl)phenyl]-, methyl ester",,UV ABSORBER,15/10/2010,Filtre UV,Molécule chimique,Moyenne (26-50),28,1,1,Non
33485,DIMETHYL PABA ETHYL CETEARYLDIMONIUM TOSYLATE,,,,,"Quaternary ammonium compounds, N-C16-18-alkyl-N-[2-(4-dimethylaminobenzoyloxy)ethyl]-N,N-dimethyl-, salt with 4-methylbenzenesulfonic acid",,UV ABSORBER,15/10/2010,Filtre UV,Molécule chimique,Moyenne (26-50),45,1,1,Non
55930,DIMORPHOLINOPYRIDAZINONE,,,,,"4,5-Dimorpholino-3(2H)-Pyridazinone",,UV ABSORBER,15/10/2010,Filtre UV,Molécule chimique,Courte (16-25),24,1,1,Non
33547,DIPHENYL CARBOMETHOXY ACETOXY NAPHTHOPYRAN,,,169682-22-8,,"2-H-Naphtho[1,2-b]pyran-5-carboxylic acid, 6-(acetoxy)-2,2-diphenyl-, methyl ester",,UV ABSORBER,15/10/2010,Filtre UV,Molécule chimique,Moyenne (26-50),42,1,1,Non
75733,DIPHENYLMETHYL PIPERAZINYLBENZIMIDAZOLE,,,65215-54-5,,"2H-Benzimidazole, 1-[3-[4-(diphenylmethyl)-1-piperazinyl]propyl]-",,"ANTIMICROBIAL, UV ABSORBER",15/10/2010,Filtre UV,Molécule chimique,Moyenne (26-50),39,2,1,Non
75753,DISODIUM BISETHYLPHENYL TRIAMINOTRIAZINE STILBENEDISULFONATE,,,24565-13-7,246-320-6,"Disodium 4,4'-bis[[6-anilino-4-(ethylamino)-1,3,5-triazin-2-yl]amino]stilbene-2,2'-disulphonate",,"SURFACTANT, UV ABSORBER",15/10/2010,Filtre UV,Molécule chimique,Longue (51-100),60,2,1,Non
75835,DISODIUM DISTYRYLBIPHENYL DISULFONATE,,,27344-41-8,248-421-0,"Disodium 2,2'-([1,1'-biphenyl]-4,4'-diyldivinylene)bis(benzenesulphonate)",,"HAIR CONDITIONING, SURFACTANT, UV ABSORBER, VISCOSITY CONTROLLING",15/10/2010,Filtre UV,Molécule chimique,Moyenne (26-50),37,4,1,Non
75792,DISODIUM PHENYL DIBENZIMIDAZOLE TETRASULFONATE,bisdisulizole disodium,,180898-37-7,,"1H-Benzimidazole-4,6-Disulfonic Acid, 2,2'-(1,4-Phenylene)Bis-, Disodium salt",VI/24,"UV ABSORBER, UV FILTER",15/10/2010,Filtre UV,Molécule chimique,Moyenne (26-50),46,2,1,Non
33741,DROMETRIZOLE,drometrizole,,2440-22-4,219-470-5,2-(2H-Benzotriazol-2-yl)-p-cresol,,UV ABSORBER,15/10/2010,Filtre UV,Molécule chimique,Très courte (≤15),12,1,1,Non
33742,DROMETRIZOLE TRISILOXANE,,,155633-54-8,,"Phenol,2-(2H-Benzotriazol-2-yl)-4-Methyl-6-(2-Methyl-3-(1,3,3,3-Tetramethyl-1-(Trimethylsilyl)Oxy)-Disiloxanyl)Propyl",VI/16,"UV ABSORBER, UV FILTER",15/10/2010,Filtre UV,Molécule chimique,Courte (16-25),24,2,1,Non
33815,ETHYL DIHYDROXYPROPYL PABA,roxadimate,,58882-17-0,261-482-8,Ethyl 4-[bis(2-hydroxypropyl)amino]benzoate,,UV ABSORBER,15/10/2010,Filtre UV,Molécule chimique,Moyenne (26-50),26,1,1,Non
33816,ETHYL DIISOPROPYLCINNAMATE,,,32580-72-6,251-109-7,"Ethyl 3-[2,4-bis(1-methylethyl)phenyl]acrylate",,UV ABSORBER,15/10/2010,Filtre UV,Molécule chimique,Moyenne (26-50),26,1,1,Non
33833,ETHYL METHOXYCINNAMATE,,,99880-64-5,217-679-6,Ethyl p-methoxycinnamate,,UV ABSORBER,15/10/2010,Filtre UV,Molécule chimique,Courte (16-25),22,1,1,Non
86951,ETHYL TRIMETHYLBENZOYL PHENYLPHOSPHINATE,,,,,,,UV ABSORBER,15/10/2010,Filtre UV,Molécule chimique,Moyenne (26-50),40,1,1,Non
56011,ETHYLHEXYL BIS-ISOPENTYLBENZOXAZOLYLPHENYL MELAMINE,,,288254-16-0,,"1,3,5-Triazine-2,4,6-Triamine,N,N'-Bis[4-[5-(1,1-Dimethylpropyl)-2-Benzoxazolyl]Phenyl]-N''-(2-Ethylhexyl)",,UV ABSORBER,15/10/2010,Filtre UV,Molécule chimique,Longue (51-100),51,1,1,Non
56013,ETHYLHEXYL DIMETHOXYBENZYLIDENE DIOXOIMIDAZOLIDINE PROPIONATE,,,,,"2-Ethylhexyl 4-(3,4-dimethoxybenzylidene)-2,5-dioxo-1-imidazolinepropanoate",,UV ABSORBER,15/10/2010,Filtre UV,Molécule chimique,Longue (51-100),61,1,1,Non
33875,ETHYLHEXYL DIMETHYL PABA,padimate-O,,21245-02-3,244-289-3,2-Ethylhexyl 4-(dimethylamino)benzoate,VI/21,"UV ABSORBER, UV FILTER",15/10/2010,Filtre UV,Molécule chimique,Courte (16-25),24,2,1,Non
56016,ETHYLHEXYL FERULATE,,,,,"4-Hydroxy-3-methoxycinnamic acid, 2-ethylhexyl ester",,"ANTIOXIDANT, UV ABSORBER",15/10/2010,Filtre UV,Molécule chimique,Courte (16-25),19,2,1,Non
33886,ETHYLHEXYL METHOXYCINNAMATE,octinoxate,,5466-77-3,226-775-7,2-Ethylhexyl 4-methoxycinnamate,VI/12,"UV ABSORBER, UV FILTER",15/10/2010,Filtre UV,Molécule chimique,Moyenne (26-50),27,2,1,Non
87035,ETHYLHEXYL METHOXYCRYLENE,,,947753-66-4,,"2-Propenoic acid, 2-cyano-3-(4-methoxyphenyl)-3-phenyl-, 2-ethylhexyl ester",,UV ABSORBER,15/10/2010,Filtre UV,Molécule chimique,Courte (16-25),25,1,1,Non
56019,ETHYLHEXYL METHOXYDIBENZOYLMETHANE,,,,,4- Ethylhexyl-4 Methoxydibenzoylmethane,,UV ABSORBER,15/10/2010,Filtre UV,Molécule chimique,Moyenne (26-50),34,1,1,Non
33893,ETHYLHEXYL SALICYLATE,octisalate,,118-60-5,204-263-4,2-Ethylhexyl salicylate,VI/20,"UV ABSORBER, UV FILTER",15/10/2010,Filtre UV,Molécule chimique,Courte (16-25),21,2,1,Non
33895,ETHYLHEXYL TRIAZONE,,,88122-99-0,402-070-1,"Benzoic acid, 4,4',4''-(1,3,5-triazine-2,4,6-triyltriimino)tris-,tris(2-ethylhexyl) ester; octyl triazone",VI/15,"UV ABSORBER, UV FILTER",15/10/2010,Filtre UV,Molécule chimique,Courte (16-25),19,2,1,Non
33901,ETOCRYLENE,etocrilene,,5232-99-5,226-029-0,"2-Propenoic acid, 2-cyano-3,3-diphenyl-, ethyl ester",,UV ABSORBER,15/10/2010,Filtre UV,Molécule chimique,Très courte (≤15),10,1,1,Non
56271,FLUORESCENT BRIGHTENER 230,,,27344-06-5,248-420-5,"2,2'-(1,2-Ethanedyil) bis[5-[[4-[(3-amino-3-oxopropyl) (2-hydroxyethyl)amino]-6-(phenylamino)-1,3,5-triazin-2-yl]amino]-benzenesulfonic acid, disodium salt",,UV ABSORBER,15/10/2010,Filtre UV,Molécule chimique,Moyenne (26-50),26,1,1,Non
34069,GLYCERYL ETHYLHEXANOATE DIMETHOXYCINNAMATE,,,,,"2-Propenoic acid, 3-(4-methoxyphenyl)-, diester with 1,3-dihydroxy-2-(2-ethyl-1-oxohexyl)oxypropane",,UV ABSORBER,15/10/2010,Filtre UV,Molécule chimique,Moyenne (26-50),42,1,1,Non
34142,GLYCOL SALICYLATE,,,87-28-5,201-737-2,2-hydroxyethyl salicylate,,UV ABSORBER,15/10/2010,Filtre UV,Molécule chimique,Courte (16-25),17,1,1,Non
83203,GOSSYPIUM HERBACEUM SEEDCAKE EXTRACT,,,223749-08-4,,"Gossypium Herbaceum Seedcake Extract is the extract of the seedcake of the Cotton Seed, Gossypium herbaceum L., Malvaceae",,"SKIN CONDITIONING, UV ABSORBER",15/10/2010,Filtre UV,Extrait,Moyenne (26-50),36,2,1,Non
93217,GREYIA FLANAGANII LEAF EXTRACT,,,,,"Greyia Flanaganii Leaf Extract is the extract of the leaves of  Greyia flanaganii, Melianthaceae.",,"ANTIOXIDANT, UV FILTER",30/09/2015,Filtre UV,Extrait,Moyenne (26-50),30,2,1,Non
56374,HEXANEDIOL DISALICYLATE,,,,,"1,6-Hexylene disalicylate",,"SKIN CONDITIONING, UV ABSORBER",15/10/2010,Filtre UV,Molécule chimique,Courte (16-25),23,2,1,Non
82605,HEXYLOXY TRIMETHYLPHENOL,,,148081-72-5,,"1-O-Hexyl-2,3,5-trimethylhydroquinone",,"ANTIOXIDANT, UV ABSORBER",15/10/2010,Filtre UV,Molécule chimique,Courte (16-25),24,2,1,Non
34299,HOMOSALATE,homosalate,,118-56-9,204-260-8,"Benzoic acid, 2-hydroxy-, 3,3,5-trimethylcyclohexyl ester",VI/3,"SKIN CONDITIONING, UV ABSORBER, UV FILTER",15/10/2010,Filtre UV,Molécule chimique,Très courte (≤15),10,3,1,Non
86545,HYDROLYZED EUGLENA GRACILIS EXTRACT,,,,,"Hydrolyzed Euglena Gracilis Extract is the hydrolysate of Euglena Gracilis Extract derived by acid, enzyme, or other method of hydrolysis",,UV ABSORBER,15/10/2010,Filtre UV,Extrait,Moyenne (26-50),35,1,1,Non
88089,HYDROLYZED GRAPE SKIN,,,,,"Hydrolyzed Grape Skin is the hydrolysate of the skin of Vitis vinifera derived by acid, enzyme or other method of hydrolysis",,"ANTIOXIDANT, EMOLLIENT, SKIN PROTECTING, UV ABSORBER",02/12/2011,Filtre UV,Molécule chimique,Courte (16-25),21,4,1,Non
85309,HYDROLYZED OLIVE FRUIT,,,,,"Hydrolyzed Olive Fruit is the hydrolysate of Olea Europaea (Olive) Fruit derived by acid, enzyme or other method of hydrolysis",,"ANTIOXIDANT, EMOLLIENT, SKIN PROTECTING, UV ABSORBER",15/10/2010,Filtre UV,Botanique,Courte (16-25),22,4,1,Non
85308,HYDROLYZED WHEAT BRAN,,,,,"Hydrolyzed Wheat Bran is the hydrolysate of Triticum Vulgare (Wheat) Bran derived by acid, enzyme or other method of hydrolysis",,"ANTIOXIDANT, EMOLLIENT, HUMECTANT, SKIN CONDITIONING, SKIN PROTECTING, UV ABSORBER",15/10/2010,Filtre UV,Molécule chimique,Courte (16-25),21,6,1,Non
85248,HYDROXYPROPYL PHENYLHYDRAZINOYL T-BUTYLCARBAMATE,,,,,,,"ANTISTATIC, UV ABSORBER",15/10/2010,Filtre UV,Molécule chimique,Moyenne (26-50),48,2,1,Non
86402,INDOCYANINE GREEN,,,3599-32-4,222-751-5,"sodium 2-[7-[3,3-dimethyl-1-(4-sulfonatobutyl)benz[e]indolin-2-ylidene]hepta-1,3,5-trien-1-yl]-3,3-dimethyl-1-(4-sulfonatobutyl)benz[e]indolinium",,UV ABSORBER,15/10/2010,Filtre UV,Molécule chimique,Courte (16-25),17,1,1,Non
34598,ISOAMYL P-METHOXYCINNAMATE,amiloxate,,71617-10-2,275-702-5,Isopentyl p-methoxycinnamate,VI/14,"UV ABSORBER, UV FILTER",15/10/2010,Filtre UV,Molécule chimique,Moyenne (26-50),26,2,1,Non
85249,ISOBUTYL PHENYLHYDRAZINOYL METHANESULFONAMIDE,,,,,,,"ANTISTATIC, UV ABSORBER",15/10/2010,Filtre UV,Molécule chimique,Moyenne (26-50),45,2,1,Non
34688,ISOPROPYL DIBENZOYLMETHANE,,,63250-25-9,264-043-9,"1-[4-(1-Methylethyl)phenyl]-3-phenylpropane-1,3-dione",,UV ABSORBER,15/10/2010,Filtre UV,Molécule chimique,Moyenne (26-50),26,1,1,Non
34698,ISOPROPYL METHOXYCINNAMATE,,,5466-76-2,226-774-1,Isopropyl p-methoxycinnamate,,UV ABSORBER,15/10/2010,Filtre UV,Molécule chimique,Moyenne (26-50),26,1,1,Non
93424,LACTOBACILLUS/CAMELLIA SINENSIS CATECHINS/GELIDIUM CRINALE/LAMINARIA JAPONICA/MONOSTROMA NITIDUM/RESVERATROL FERMENT FITRATE,,,,,"Lactobacillus/Camellia Sinensis Catechins/Gelidium Crinale/Laminaria Japonica/Monostroma Nitidum/Resveratrol Ferment Fitrate is a filtrate of the product obtained by the fermentation of  Resveratrol  , the catechins derived from  Camellia sinensis  , and the algae,  Gelidium crinale  ,  Laminaria japonica  , and  Monostroma nitidum  , and by the microorganism,  Lactobacillus.",,"ANTIOXIDANT, ANTISEBORRHOEIC, SKIN CONDITIONING, UV FILTER",08/10/2015,Filtre UV,Molécule chimique,Très longue (>100),124,4,6,Oui
83096,LIMONIA ACIDISSIMA BARK EXTRACT,,,,,"Limonia Acidissima Bark Extract is the extract of the bark obtained from the lemon tree, Limonia acidissima L., Rutaceae",,"SKIN PROTECTING, UV ABSORBER",15/10/2010,Filtre UV,Acide,Moyenne (26-50),31,2,1,Non
83095,LIMONIA ACIDISSIMA BARK POWDER,,,,,"Limonia Acidissima Bark Powder is the powder obtained from the dried, ground bark of the lemon tree, Limonia acidissima L., Rutaceae",,"SKIN CONDITIONING, SKIN PROTECTING, UV ABSORBER",15/10/2010,Filtre UV,Acide,Moyenne (26-50),30,3,1,Non
87338,MANGANESE OXIDE,,,11129-60-5,234-378-5,Manganese Oxide,,UV ABSORBER,15/10/2010,Filtre UV,Molécule chimique,Très courte (≤15),15,1,1,Non
78158,MENTHYL ANTHRANILATE,meradimate,,134-09-8,205-129-8,Menthyl anthranilate,,UV ABSORBER,15/10/2010,Filtre UV,Molécule chimique,Courte (16-25),20,1,1,Non
35235,MENTHYL SALICYLATE,,,89-46-3,201-909-7,Menthyl salicylate,,"MASKING, UV ABSORBER",15/10/2010,Filtre UV,Molécule chimique,Courte (16-25),18,2,1,Non
93156,METHOXY PEG-3 DEHYDROCHOLESTERYL SUCCINATE,,,,,Methoxy PEG-3 Dehydrocholesteryl Succinate is produced by the reaction of 7-Dehydrocholesterol the succinic anhydride and subsequent reaction with methoxy PEG-3.,,"ANTIOXIDANT, HAIR CONDITIONING, UV FILTER",20/10/2015,Filtre UV,PEG/PPG,Moyenne (26-50),42,3,1,Non
92023,METHOXY PEG-7 DEHYDROCHOLESTERYL SUCCINATE,,,,,,,"ANTIOXIDANT, HAIR CONDITIONING, UV FILTER",27/10/2014,Filtre UV,PEG/PPG,Moyenne (26-50),42,3,1,Non
93171,METHOXYCINNAMIC ACID,,,943-89-5,213-405-4,"2-Propenoic acid, 3-(4-methoxyphenyl)-, (2E)-",,"STABILISING, UV FILTER",20/10/2015,Filtre UV,Acide,Courte (16-25),20,2,1,Non
58029,METHOXYCINNAMIDOPROPYL C18-22 ALKYLDIMONIUM TOSYLATE,,,,,"1-Dodecanaminium, N-[3-[[3-(4-Methoxyphenyl)-1-Oxo-2-Propenyl]Amino]Propyl]-N,N-Dimethyl-, Salt with 4-Methylbenzenesulfonic Acid (1:1)",,"HAIR CONDITIONING, UV ABSORBER",15/10/2010,Filtre UV,Molécule chimique,Longue (51-100),52,2,1,Non
58030,METHOXYCINNAMIDOPROPYL HYDROXYSULTAINE,,,,,"N-(3-(4-Methoxybenzene-2-propenamido)propyl)-N,N-dimethylammonio-2-hydroxypropanesulfonate",,"HAIR CONDITIONING, UV ABSORBER",15/10/2010,Filtre UV,Molécule chimique,Moyenne (26-50),38,2,1,Non
58031,METHOXYCINNAMIDOPROPYL LAURDIMONIUM TOSYLATE,,,,,p-Methoxy Cinnamidopropyldimethyllaurylammonium Tosylate,,"HAIR CONDITIONING, UV ABSORBER",15/10/2010,Filtre UV,Molécule chimique,Moyenne (26-50),44,2,1,Non
85252,METHOXYCINNAMIDOPROPYL POLYSILSESQUIOXANE,,,,,,,UV ABSORBER,15/10/2010,Filtre UV,Molécule chimique,Moyenne (26-50),41,1,1,Non
58032,METHOXYCINNAMOYLPROPYL SILSESQUIOXANE SILICATE,,,,,3-(4-Methoxybenzene-2-propenoyl)oxypropylsiloxysilicate,,"SKIN PROTECTING, UV ABSORBER",15/10/2010,Filtre UV,Molécule chimique,Moyenne (26-50),46,2,1,Non
89733,METHOXYPROPYLAMINO CYCLOHEXENYLIDENE ETHOXYETHYLCYANOACETATE,,,,,Methoxypropylamino Cyclohexenylidene Ethoxyethylcyanoacetate is the organic compound,,"STABILISING, UV FILTER",17/04/2013,Filtre UV,Molécule chimique,Longue (51-100),60,2,1,Non
86422,METHYL ACRYLATE/METHYLENE DROMETRIZOLE METHACRYLATE COPOLYMER,,,,,,,UV ABSORBER,15/10/2010,Filtre UV,Polymère,Longue (51-100),61,1,2,Oui
38987,METHYLENE BIS-BENZOTRIAZOLYL TETRAMETHYLBUTYLPHENOL,bisoctrizole,,103597-45-1,403-800-1,"2,2'-Methylene-bis-(6-(2H-benzotriazol-2-yl)-4-(1,1,3,3-tetramethylbutyl)phenol)",VI/23,UV FILTER,22/06/2015,Filtre UV,Molécule chimique,Longue (51-100),51,1,1,Non
84580,MOMORDICA COCHINCHINENSIS SEED ARIL OIL,,,,,"Momordica Cochinchinensis Seed Aril Oil is the oil expressed from the aril of the seeds of Momordica cochinchinensis, Cucurbitaceae",,"ANTIOXIDANT, EMOLLIENT, SKIN CONDITIONING, SKIN PROTECTING, UV ABSORBER",15/10/2010,Filtre UV,Huile,Moyenne (26-50),39,5,1,Non
90234,NICOTINOYL HEXAPEPTIDE-45,,,,,Nicotinoyl Hexapeptide-45 is the product obtained by the reaction of Niacin (q.v.) and Hexapeptide-45.,,"ANTIOXIDANT, SKIN PROTECTING, UV FILTER",29/07/2013,Filtre UV,Peptide,Courte (16-25),25,3,1,Non
90226,NICOTINOYL OCTAPEPTIDE-9,,,,,Nicotinoyl Octapeptide-9 is the product obtained by the reaction of Niacin and Octapeptide-9.,,"ANTIOXIDANT, SKIN PROTECTING, UV FILTER",20/01/2014,Filtre UV,Peptide,Courte (16-25),24,3,1,Non
35585,OCTOCRYLENE,octocrilene,,6197-30-4,228-250-8,"2-Propenoic acid, 2-cyano-3,3-diphenyl-, 2-ethylhexyl ester",VI/10,"UV ABSORBER, UV FILTER",15/10/2010,Filtre UV,Molécule chimique,Très courte (≤15),11,2,1,Non
35605,OCTRIZOLE,octrizole,,3147-75-9,221-573-5,"2-(2H-Benzotriazol-2-yl)-4-(1,1,3,3-tetramethylbutyl)phenol",,UV ABSORBER,15/10/2010,Filtre UV,Molécule chimique,Très courte (≤15),9,1,1,Non
58051,OXOBENZOXAZINYL NAPHTHALENE SULFOANILIDE,,,10128-55-9,233-360-4,"2-Naphthalenesulfonamide, N-[2-(4-oxo-4H-3,1-benzoxazin-2-yl)phenyl]-",,UV ABSORBER,15/10/2010,Filtre UV,Molécule chimique,Moyenne (26-50),40,1,1,Non
83925,PALMITOYL COFFEE BEAN EXTRACT,,,,,Palmitoyl Coffee Bean Extract is the product obtained by the reaction of palmitoyl chloride and Coffea Canephora Seed Extract,,"ANTIOXIDANT, UV ABSORBER",15/10/2010,Filtre UV,Extrait,Moyenne (26-50),29,2,1,Non
78130,PEG-25 PABA,,,116242-27-4,,Polyoxyethylene ethyl-4-aminobenzoate (25 mol EO average molar ratio),VI/13,"UV ABSORBER, UV FILTER",15/10/2010,Filtre UV,PEG/PPG,Très courte (≤15),11,2,1,Non
93652,PEG-9 DINICOTINATE,,,,,,,"ANTIOXIDANT, HAIR CONDITIONING, UV FILTER",18/11/2015,Filtre UV,PEG/PPG,Courte (16-25),18,3,1,Non
57105,PEG/PPG-100/70 TOCOPHERYL ETHER,,,,,Polyoxyethylene (100) polyoxypropylene (70) tocopheryl ether,,"ANTICAKING, ANTIOXIDANT, BINDING, EMULSIFYING, EMULSION STABILISING, PLASTICISER, SKIN CONDITIONING, SURFACTANT, UV ABSORBER",24/01/2011,Filtre UV,PEG/PPG,Moyenne (26-50),31,9,3,Oui
57127,PEG/PPG-2/5 TOCOPHERYL ETHER,,,,,Polyoxyethylene (2) polyoxypropylene (5) tocopheryl ether,,"ANTICAKING, ANTIOXIDANT, BINDING, EMULSIFYING, EMULSION STABILISING, PLASTICISER, SKIN CONDITIONING, SURFACTANT, UV ABSORBER",24/01/2011,Filtre UV,PEG/PPG,Moyenne (26-50),28,9,3,Oui
57242,PEG/PPG-30/10 TOCOPHERYL ETHER,,,,,Polyoxyethylene (30) polyoxypropylene (10) tocopheryl ether,,"ANTICAKING, ANTIOXIDANT, BINDING, EMULSIFYING, EMULSION STABILISING, PLASTICISER, SKIN CONDITIONING, SURFACTANT, UV ABSORBER",24/01/2011,Filtre UV,PEG/PPG,Moyenne (26-50),30,9,3,Oui
57256,PEG/PPG-5/10 TOCOPHERYL ETHER,,,,,Polyoxyethylene (5) polyoxypropylene (10) tocopheryl ether,,"ANTICAKING, ANTIOXIDANT, BINDING, EMULSION STABILISING, PLASTICISER, SKIN CONDITIONING, SURFACTANT, UV ABSORBER",24/01/2011,Filtre UV,PEG/PPG,Moyenne (26-50),29,8,3,Oui
57257,PEG/PPG-5/20 TOCOPHERYL ETHER,,,,,Polyoxyethylene (5) polyoxypropylene (20) tocopheryl ether,,"ANTICAKING, ANTIOXIDANT, BINDING, EMULSION STABILISING, PLASTICISER, SKIN CONDITIONING, SURFACTANT, UV ABSORBER",24/01/2011,Filtre UV,PEG/PPG,Moyenne (26-50),29,8,3,Oui
57260,PEG/PPG-5/30 TOCOPHERYL ETHER,,,,,Polyoxyethylene (5) polyoxypropylene (30) tocopheryl ether,,"ANTICAKING, ANTIOXIDANT, BINDING, EMULSIFYING, EMULSION STABILISING, PLASTICISER, SKIN CONDITIONING, SURFACTANT, UV ABSORBER",24/01/2011,Filtre UV,PEG/PPG,Moyenne (26-50),29,9,3,Oui
57262,PEG/PPG-50/20 TOCOPHERYL ETHER,,,,,Polyoxyethylene (50) polyoxypropylene (20) tocopheryl ether,,"ANTICAKING, ANTIOXIDANT, BINDING, EMULSIFYING, EMULSION STABILISING, PLASTICISER, SKIN CONDITIONING, SURFACTANT, UV ABSORBER",24/01/2011,Filtre UV,PEG/PPG,Moyenne (26-50),30,9,3,Oui
57270,PEG/PPG-70/30 TOCOPHERYL ETHER,,,,,Polyoxyethylene (70) polyoxypropylene (30) tocopheryl ether,,"ANTICAKING, ANTIOXIDANT, BINDING, EMULSION STABILISING, PLASTICISER, SKIN CONDITIONING, SURFACTANT, UV ABSORBER",24/01/2011,Filtre UV,PEG/PPG,Moyenne (26-50),30,8,3,Oui
36535,PHENYLBENZIMIDAZOLE SULFONIC ACID,ensulizole,,27503-81-7,248-502-0,2-Phenyl-1H-benzimidazole-5-sulphonic acid,VI/6,"UV ABSORBER, UV FILTER",15/10/2010,Filtre UV,Acide,Moyenne (26-50),33,2,1,Non
59490,PINUS PINASTER BARK/BUD EXTRACT,,,90082-75-0,290-166-2,"Pinus Pinaster Bark/Bud Extract is an extract of the bark and pine buds of the Maritime Pine, Pinus pinaster, Pinaceae",,"ANTIDANDRUFF, ANTIMICROBIAL, ANTIOXIDANT, ORAL CARE, SKIN CONDITIONING, UV ABSORBER",15/10/2010,Filtre UV,Extrait,Moyenne (26-50),31,6,2,Oui
36688,POLYACRYLAMIDOMETHYL BENZYLIDENE CAMPHOR,,,113783-61-2,,Polymer of N-{(2 and 4)-[(2-oxoborn-3-ylidine)methyl]benzyl}acrylamide,VI/11,"UV ABSORBER, UV FILTER",15/10/2010,Filtre UV,Molécule chimique,Moyenne (26-50),40,2,1,Non
86601,POLYACRYLATE-26,,,,,"Polyacrylate-26 is a copolymer of n-butyl acrylate, t-butylaminoethylmethacrylate, methylmethacrylate, dimethylaminoethyl methacrylate and hydroxyethyl methacrylate monomers",,"FILM FORMING, UV ABSORBER",15/10/2010,Filtre UV,Molécule chimique,Très courte (≤15),15,2,1,Non
58838,POLYQUATERNIUM-59,,,,,"Poly(20,25-dioxo-2,5,10,15,18-pentamethyl-10-(2-hydroxy-3-(3-(3-phenyl-2-propenamido)propyldimethylammonio)propyl)-10-azonia-1,4,7,13,16,19-hexaoxapentacosanediyl) chloride",,UV ABSORBER,15/10/2010,Filtre UV,Molécule chimique,Courte (16-25),17,1,1,Non
41309,POLYSILICONE-15,,,207574-74-1,*606-621-9,"Dimethicodiethylbenzalmalonate; Siloxanes and silicones, dimethyl, 3-(4-(2,2-di(ethoxycarbonyl)ethenyl)phenoxy)propen-2-yl methyl, 3-(4-(2,2-di(ethoxycarbonyl)ethenyl)phenoxy)propen-1-yl methyl, trimethylsilyl terminated",VI/26,UV FILTER,15/10/2010,Filtre UV,Silicone,Très courte (≤15),15,1,1,Non
36995,POTASSIUM METHOXYCINNAMATE,,,86636-96-6,,"2-Propenoic acid, 3-(4-methoxyphenyl)-, potassium salt",,UV ABSORBER,15/10/2010,Filtre UV,Molécule chimique,Moyenne (26-50),26,1,1,Non
37015,POTASSIUM PHENYLBENZIMIDAZOLE SULFONATE,,,,,"2-Phenylbenzimidazole-5-sulfonic acid, potassium salt",VI/6,"UV ABSORBER, UV FILTER",31/01/2011,Filtre UV,Molécule chimique,Moyenne (26-50),39,2,1,Non
59613,PPG-3 BENZYL ETHER MYRISTATE,,,642443-86-5,,"Poly[oxy(methyl-1,2-ethanediyl)],alpha-(1-oxotetradecyl)-theta-phenoxy",,"EMOLLIENT, PLASTICISER, SOLVENT, UV ABSORBER",24/01/2011,Filtre UV,PEG/PPG,Moyenne (26-50),28,4,1,Non
86717,QUATERNIUM-95,,,1030827-59-8,,,,"HAIR CONDITIONING, UV ABSORBER",15/10/2010,Filtre UV,Molécule chimique,Très courte (≤15),13,2,1,Non
79458,RED PETROLATUM,,,8009-03-8,232-373-2,Petrolatum. A complex combination of hydrocarbons obtained as a semi-solid from dewaxing paraffinic residual oil. It consists predominantly of saturated crystalline and liquid hydrocarbons having carbon numbers predominantly greater than C25,II/904 (except if the full refining history is known and it can be shown that the substance from which it is produced is not a carcinogen),"EMOLLIENT, MOISTURISING, UV ABSORBER",15/10/2010,Filtre UV,Molécule chimique,Très courte (≤15),14,3,1,Non
86821,RHYOLITE POWDER,,,,,"Rhyolite Powder is the powder obtained from the volcanic rock, rhyolite",,UV ABSORBER,15/10/2010,Filtre UV,Molécule chimique,Très courte (≤15),15,1,1,Non
83129,RUTINYL SUCCINATE,,,267006-02-0,,Rutinyl Succinate is the ester of Rutin and Succinic Acid,,"ANTIOXIDANT, HAIR CONDITIONING, SKIN PROTECTING, UV ABSORBER",15/10/2010,Filtre UV,Molécule chimique,Courte (16-25),17,4,1,Non
58705,SODIUM ACETYL CYSTEINATE,,,19542-74-6,243-143-6,"L-Cysteine, N-acetyl-, monosodium salt",,"ABSORBENT, SKIN CONDITIONING, UV ABSORBER",15/10/2010,Filtre UV,Molécule chimique,Courte (16-25),24,3,1,Non
58724,SODIUM BENZOTRIAZOLYL BUTYLPHENOL SULFONATE,,,92484-48-5,403-080-9,"Benzenesulfonic acid, 3-(2H-benzotriazol-2-yl)-4-hydroxy-5-(1-methylpropyl)-, monosodium salt",,UV ABSORBER,15/10/2010,Filtre UV,Molécule chimique,Moyenne (26-50),43,1,1,Non
86148,SODIUM CALCIUM ZINC PHOSPHATE,,,,,"Sodium Calcium Zinc Phosphate is the product obtained by the fusion of sodium oxide, calcium oxide, zinc oxide and phosphorus oxide",,"ABRASIVE, BUFFERING, NAIL CONDITIONING, SKIN CONDITIONING, UV ABSORBER",15/10/2010,Filtre UV,Molécule chimique,Moyenne (26-50),29,5,1,Non
59175,SODIUM ISOFERULATE,,,110993-57-2,,"2-Propenoic Acid, 3-(3-Hydroxy-4-methoxyphenyl)-, monosodium Salt",,UV ABSORBER,15/10/2010,Filtre UV,Molécule chimique,Courte (16-25),18,1,1,Non
83840,SODIUM MANGOSEEDATE,,,,,Sodium Mangoseedate is the sodium salt of the fatty acids derived from Mangifera Indica (Mango) Seed O,,"CLEANSING, EMULSIFYING, UV ABSORBER, VISCOSITY CONTROLLING",15/10/2010,Filtre UV,Botanique,Courte (16-25),19,4,1,Non
38029,SODIUM PHENYLBENZIMIDAZOLE SULFONATE,,,5997-53-5,,"1H-Benzimidazole-5-sulfonic acid, 2-phenyl-, monosodium salt",VI/6,"UV ABSORBER, UV FILTER",31/01/2011,Filtre UV,Molécule chimique,Moyenne (26-50),36,2,1,Non
84612,SODIUM UROCANATE,,,6159-49-5,,"3-(1H-Imidazol-4-yl)-2-Propenoic Acid, Sodium Salt",,UV ABSORBER,15/10/2010,Filtre UV,Molécule chimique,Courte (16-25),16,1,1,Non
86405,SODIUM/ALUMINUM/IRON/SULFATE/CITRATE/HYDROXIDE,,,,,"Sodium/Aluminum/Iron/Sulfate/Citrate/Hydroxide is the reaction product of aluminum sulfate, ferric sulfate, sodium hydroxide and citric acid",,"ANTIMICROBIAL, DEODORANT, HUMECTANT, OPACIFYING, UV ABSORBER",15/10/2010,Filtre UV,Molécule chimique,Moyenne (26-50),46,5,6,Oui
86406,SODIUM/ALUMINUM/IRON/SULFATE/TARTARATE/HYDROXIDE,,,,,"Sodium/Aluminum/Iron/Sulfate/Tartarate/Hydroxide is the product obtained by the reaction of aluminum sulfate, ferric sulfate, sodium hydroxide and tartaric acid",,"ANTIMICROBIAL, CHELATING, DEODORANT, HUMECTANT, OPACIFYING, UV ABSORBER",15/10/2010,Filtre UV,Molécule chimique,Moyenne (26-50),48,6,6,Oui
58532,SPIRULINA PLATENSIS POWDER,,,223751-80-2,,"Spirulina Platensis Powder is the powder obtained from the dried ground of the Alga, Spirulina platensis, Cyanophyceae",,"SKIN PROTECTING, UV ABSORBER",15/10/2010,Filtre UV,Molécule chimique,Moyenne (26-50),26,2,1,Non
86819,SUNFLOWER SEED OIL ETHYL FERULATE ESTERS,,,,,Sunflower Seed Oil Ethyl Ferulate Esters is the product obtained by the transesterification of Helianthus Annuus (Sunflower) Seed Oil with Ethyl Ferulate,,"ANTIOXIDANT, BLEACHING, EMOLLIENT, EMULSION STABILISING, UV ABSORBER",15/10/2010,Filtre UV,Huile,Moyenne (26-50),40,5,1,Non
83639,SYNTHETIC RUBY POWDER,,,,,"Synthetic Ruby Powder is the powder obtained from finely, ground Synthetic Ruby",,"ABRASIVE, SKIN CONDITIONING, UV ABSORBER",15/10/2010,Filtre UV,Molécule chimique,Courte (16-25),21,3,1,Non
86591,T-BUTYL BENZOYL PEROXIDE,,,614-45-9,210-382-2,"Benzenecarboperoxoic Acid, 1,1,-Dimethylethyl Ester; tert-butyl perbenzoate",,UV ABSORBER,15/10/2010,Filtre UV,Molécule chimique,Courte (16-25),24,1,1,Non
38529,TEA-PHENYLBENZIMIDAZOLE SULFONATE,,,73705-00-7,,"1H-Benzimidazolesulfonic acid, 2-phenyl-, sodium salt, compd. with 2,2',2''-nitrilotris(ethanol)","III/62
VI/6","UV ABSORBER, UV FILTER",31/01/2011,Filtre UV,Molécule chimique,Moyenne (26-50),33,2,1,Non
38532,TEA-SALICYLATE,Trolamine salicylate,,2174-16-5,218-531-3,"Salicylic acid, compound with 2,2',2''-nitrilotriethanol (1:1)","III/62
V/3","PRESERVATIVE, UV ABSORBER",16/10/2010,Filtre UV,Molécule chimique,Très courte (≤15),14,2,1,Non
38544,TEREPHTHALYLIDENE DICAMPHOR SULFONIC ACID,ecamsule,,92761-26-7/90457-82-2,410-960-6,"3,3'-(1,4-Phenylenedimethylene)bis[7,7-dimethyl-2-oxo-bicyclo[2.2.1]heptane-1-methanesulfonic acid]",VI/7,"UV ABSORBER, UV FILTER",15/10/2010,Filtre UV,Acide,Moyenne (26-50),41,2,1,Non
60239,TETRAHYDROCURCUMIN DIACETATE,,,52199-86-7,,"3,5-Heptanedione, 1,7-bis[4-(acetyloxy)-3-methoxyphenyl]-",,"ANTIOXIDANT, BLEACHING, SKIN PROTECTING, UV ABSORBER",15/10/2010,Filtre UV,Molécule chimique,Moyenne (26-50),28,4,1,Non
38617,TITANIUM DIOXIDE,titanium dioxide,titanii dioxidum,13463-67-7,236-675-5,Titanium dioxide (CI 77891),"IV/143
VI/27","OPACIFYING, UV ABSORBER, UV FILTER",27/01/2015,Filtre UV,Molécule chimique,Courte (16-25),16,3,1,Non
59771,TITANIUM ZEOLITE,,,,,Titanium Zeolite is the product obtained by the reaction of Zeolite (q.v.) with Titanium Tetrachloride,,"ABSORBENT, SKIN CONDITIONING, UV ABSORBER",15/10/2010,Filtre UV,Molécule chimique,Courte (16-25),16,3,1,Non
59779,TOCOTRIENOLS,,,6829-55-6,,Tocotrienol,,"ORAL CARE, SKIN CONDITIONING, UV ABSORBER",15/10/2010,Filtre UV,Molécule chimique,Très courte (≤15),12,3,1,Non
80408,TRIPABA PANTHENOL,,,,,"Benzoic acid, 4-amino-, triester with 2,4-dihydroxy-N-(3-hydroxypropyl)-3,3-dimethylbutanamide",,"ANTISTATIC, HAIR CONDITIONING, UV ABSORBER",15/10/2010,Filtre UV,Molécule chimique,Courte (16-25),17,3,1,Non
80417,TRIS(TETRAMETHYLHYDROXYPIPERIDINOL) CITRATE,,,220410-74-2,429-370-5,"4-Piperidinol, 1-Hydroxy-2,2,6,6-Tetramethyl -, 2-Hydroxy-1,2,3-Propanetricarboxylate (3:1) (salt)",,UV ABSORBER,15/10/2010,Filtre UV,Molécule chimique,Moyenne (26-50),43,1,1,Non
83271,TRIS-BIPHENYL TRIAZINE,,,31274-51-8,,"1,3,5-Triazine, 2,4,6-Tris([1,1'-Biphenyl]-4-yl)-",,UV ABSORBER,15/10/2010,Filtre UV,Molécule chimique,Courte (16-25),22,1,1,Non
80545,VA/CROTONATES/METHACRYLOXYBENZOPHENONE-1 COPOLYMER,,,,,Vinyl Acetate/Crotonic Acid/Methacryloxybenzophenone-1 Copolymer,,"FILM FORMING, HAIR FIXING, UV ABSORBER",15/10/2010,Filtre UV,Polymère,Moyenne (26-50),50,3,3,Oui
80652,VITIS VINIFERA SEED EXTRACT,,,84929-27-1,284-511-6,"Vitis Vinifera Seed Extract is an extract of the seeds of the Red Grape, Vitis Vinifera L., Vitaceae",,"ANTIDANDRUFF, ANTIMICROBIAL, ANTIOXIDANT, ORAL CARE, SKIN PROTECTING, UV ABSORBER",07/02/2013,Filtre UV,Extrait,Moyenne (26-50),27,6,1,Non
86634,ZINC ADENOSINE TRIPHOSPHATE HYDROXIDE,,,,,Zinc Adenosine Triphosphate Hydroxide is the product obtained by the reaction of Adenosine Triphosphate and zinc chloride neutralized with sodium hydroxide,,"HAIR CONDITIONING, SKIN CONDITIONING, SKIN PROTECTING, UV ABSORBER",15/10/2010,Filtre UV,Molécule chimique,Moyenne (26-50),37,4,1,Non
86638,ZINC ASCORBATE HYDROXIDE,,,,,Zinc Ascorbate Hydroxide is the product obtained by the reaction of Ascorbic Acid and zinc chloride neutralized with sodium hydroxide,III/24,"HAIR CONDITIONING, SKIN CONDITIONING, SKIN PROTECTING, UV ABSORBER",15/10/2010,Filtre UV,Molécule chimique,Courte (16-25),24,4,1,Non
60272,ZINC CERIUM OXIDE,,,,,Zinc cerium oxide,,UV ABSORBER,15/10/2010,Filtre UV,Molécule chimique,Courte (16-25),17,1,1,Non
86633,ZINC DOCOSAHEXAENOATE HYDROXIDE,,,,,Zinc Docosahexaenoate Hydroxide is the product obtained by the reaction of Docosahexaenoic Acid and zinc chloride neutralized with sodium hydroxide,,"HAIR CONDITIONING, SKIN CONDITIONING, SKIN PROTECTING, UV ABSORBER",15/10/2010,Filtre UV,Molécule chimique,Moyenne (26-50),31,4,1,Non
86632,ZINC LINOLENATE HYDROXIDE,,,,,"Zinc Linolenate Hydroxide is the product obtained by the reaction of Linolenic Acid and zinc chloride, neutralized with sodium hydroxide",,"HAIR CONDITIONING, REDUCING, SKIN PROTECTING, UV ABSORBER",15/10/2010,Filtre UV,Molécule chimique,Courte (16-25),25,4,1,Non
38968,ZINC OXIDE,zinc oxide,zinci oxidum,1314-13-2,215-222-5,Zinc oxide (CI 77947),IV/144,"BULKING, SKIN PROTECTING, UV ABSORBER",27/01/2015,Filtre UV,Molécule chimique,Très courte (≤15),10,3,1,Non
86635,ZINC RETINOATE HYDROXIDE,,,,,Zinc Retinoate Hydroxide is the product obtained by the reaction of Retinoic Acid and zinc chloride neutralized by sodium hydroxide,,"ANTIOXIDANT, HAIR CONDITIONING, SKIN CONDITIONING, SKIN PROTECTING, UV ABSORBER",15/10/2010,Filtre UV,Molécule chimique,Courte (16-25),24,5,1,Non
